rating_id,axis_id,score
1,2,4.5
2,4,2
3,9,4.8
4,5,4.6
5,3,4.2
6,1,2.5
7,10,4.7
8,7,4.9
9,2,2.3
10,4,4.3
11,6,4.5
12,8,4.8
13,3,3
14,5,2.1
15,9,4.4
16,1,4.6
17,10,2.7
18,8,4.9
19,4,4.4
20,2,4.6
21,1,64.37908496732027
21,2,70.91503267973856
21,9,41.50326797385621
21,3,36.60130718954248